{
  "created_at": "2025-10-30T03:01:43.797728",
  "total_models": 3,
  "models": {
    "Tirosint_call_success": {
      "metrics": {
        "optimal_threshold": 0.7500000000000002,
        "roc_auc": 0.998290709427058,
        "accuracy": 0.99565,
        "precision": 0.6816037735849056,
        "recall": 0.8810975609756098,
        "f1": 0.7686170212765957
      },
      "best_params": {
        "n_estimators": 150,
        "max_depth": 12,
        "min_samples_split": 10,
        "min_samples_leaf": 5,
        "random_state": 42,
        "class_weight": "balanced",
        "n_jobs": -1
      },
      "training_time": 5.650108,
      "train_size": 160000,
      "test_size": 40000
    },
    "Flector_call_success": {
      "metrics": {
        "optimal_threshold": 0.6000000000000002,
        "roc_auc": 0.9998426199659575,
        "accuracy": 0.99965,
        "precision": 0.7575757575757576,
        "recall": 0.8064516129032258,
        "f1": 0.78125
      },
      "best_params": {
        "n_estimators": 150,
        "max_depth": 12,
        "min_samples_split": 10,
        "min_samples_leaf": 5,
        "random_state": 42,
        "class_weight": "balanced",
        "n_jobs": -1
      },
      "training_time": 7.472926,
      "train_size": 160000,
      "test_size": 40000
    },
    "Licart_call_success": {
      "metrics": {
        "optimal_threshold": 0.5500000000000002,
        "roc_auc": 0.9997908949072221,
        "accuracy": 0.999325,
        "precision": 0.6521739130434783,
        "recall": 0.9375,
        "f1": 0.7692307692307693
      },
      "best_params": {
        "n_estimators": 150,
        "max_depth": 12,
        "min_samples_split": 10,
        "min_samples_leaf": 5,
        "random_state": 42,
        "class_weight": "balanced",
        "n_jobs": -1
      },
      "training_time": 5.200816,
      "train_size": 160000,
      "test_size": 40000
    }
  },
  "summary_statistics": {
    "call_success": {
      "accuracy_mean": 0.9982083333333334,
      "accuracy_std": 0.0018138740002792036,
      "precision_mean": 0.6971178147347139,
      "precision_std": 0.04440646583775948,
      "recall_mean": 0.8750163912929452,
      "recall_std": 0.05367280757018099,
      "f1_mean": 0.7730325968357884,
      "f1_std": 0.005815981299271293,
      "roc_auc_mean": 0.9993080747667458,
      "roc_auc_std": 0.0007196957904670173
    }
  }
}