{
  "total_specialties": 0,
  "top_specialties": {
    "sum": {
      "FAMILY MEDICINE": 115129.0,
      "NURSE PRACTITIONER": 105624.0,
      "ENDOCRINOLOGY, DIABETES & METABOLISM": 84072.0,
      "INTERNAL MEDICINE": 81427.0,
      "PHYSICIAN ASSISTANT": 34969.0,
      "OBSTETRICS & GYNECOLOGY": 11400.0,
      "NATUROPATHIC DOCTOR": 6029.0,
      "INTERNAL MEDICINE/PEDIATRICS": 2682.0,
      "CARDIOVASCULAR DISEASE": 2515.0,
      "GENERAL PRACTICE": 2300.0
    },
    "mean": {
      "FAMILY MEDICINE": 4.37536578877361,
      "NURSE PRACTITIONER": 3.996821432625724,
      "ENDOCRINOLOGY, DIABETES & METABOLISM": 17.47495323217626,
      "INTERNAL MEDICINE": 4.812470449172577,
      "PHYSICIAN ASSISTANT": 3.752038626609442,
      "OBSTETRICS & GYNECOLOGY": 4.056939501779359,
      "NATUROPATHIC DOCTOR": 6.7665544332211,
      "INTERNAL MEDICINE/PEDIATRICS": 4.132511556240369,
      "CARDIOVASCULAR DISEASE": 2.4488802336903603,
      "GENERAL PRACTICE": 3.6450079239302693
    }
  },
  "recommendations": [
    "Focus on high-volume specialties for maximum impact"
  ]
}