{
  "created_at": "2025-10-30T11:20:15.292408",
  "total_models": 6,
  "models": {
    "Tirosint_call_success": {
      "metrics": {
        "optimal_threshold": 0.7500000000000002,
        "roc_auc": 0.9984039301563712,
        "accuracy": 0.9957840881482858,
        "precision": 0.7016806722689075,
        "recall": 0.8593481989708405,
        "f1": 0.7725520431765613
      },
      "best_params": {
        "n_estimators": 111,
        "max_depth": 15,
        "min_samples_split": 5,
        "min_samples_leaf": 2,
        "class_weight": {
          "0": 0.5042045417697987,
          "1": 89.9392673521851
        },
        "random_state": 42,
        "n_jobs": 2,
        "verbose": 0
      },
      "training_time": 30.25949,
      "train_size": 279891,
      "test_size": 69973
    },
    "Tirosint_ngd_category": {
      "metrics": {
        "accuracy": 0.8873136781329941,
        "precision_macro": 0.853376723509542,
        "recall_macro": 0.9046999720295398,
        "f1_macro": 0.8623349717148968
      },
      "best_params": {
        "n_estimators": 128,
        "max_depth": 14,
        "min_samples_split": 6,
        "min_samples_leaf": 2,
        "class_weight": "balanced",
        "random_state": 42,
        "n_jobs": 2,
        "verbose": 0
      },
      "training_time": 143.743946,
      "train_size": 279891,
      "test_size": 69973
    },
    "Flector_call_success": {
      "metrics": {
        "optimal_threshold": 0.5500000000000002,
        "roc_auc": 0.9998127462836626,
        "accuracy": 0.9995426807482887,
        "precision": 0.6486486486486487,
        "recall": 0.8888888888888888,
        "f1": 0.75
      },
      "best_params": {
        "n_estimators": 187,
        "max_depth": 14,
        "min_samples_split": 8,
        "min_samples_leaf": 3,
        "class_weight": {
          "0": 0.5003843733463007,
          "1": 976.3639534883721
        },
        "random_state": 42,
        "n_jobs": 2,
        "verbose": 0
      },
      "training_time": 24.026211,
      "train_size": 279891,
      "test_size": 69973
    },
    "Flector_ngd_category": {
      "metrics": {
        "accuracy": 0.8853414888599889,
        "precision_macro": 0.8518720525050868,
        "recall_macro": 0.9034595241892042,
        "f1_macro": 0.8604086667082741
      },
      "best_params": {
        "n_estimators": 180,
        "max_depth": 14,
        "min_samples_split": 8,
        "min_samples_leaf": 3,
        "class_weight": "balanced",
        "random_state": 42,
        "n_jobs": 2,
        "verbose": 0
      },
      "training_time": 190.074489,
      "train_size": 279891,
      "test_size": 69973
    },
    "Licart_call_success": {
      "metrics": {
        "optimal_threshold": 0.7000000000000002,
        "roc_auc": 0.9996879040077569,
        "accuracy": 0.9993711860288969,
        "precision": 0.7303370786516854,
        "recall": 0.7647058823529411,
        "f1": 0.7471264367816092
      },
      "best_params": {
        "n_estimators": 106,
        "max_depth": 15,
        "min_samples_split": 5,
        "min_samples_leaf": 3,
        "class_weight": {
          "0": 0.5006081180178215,
          "1": 617.4066176470589
        },
        "random_state": 42,
        "n_jobs": 2,
        "verbose": 0
      },
      "training_time": 14.609979,
      "train_size": 279891,
      "test_size": 69973
    },
    "Licart_ngd_category": {
      "metrics": {
        "accuracy": 0.8955740071170308,
        "precision_macro": 0.8602989092566021,
        "recall_macro": 0.9103204076103507,
        "f1_macro": 0.8705252740560971
      },
      "best_params": {
        "n_estimators": 168,
        "max_depth": 15,
        "min_samples_split": 5,
        "min_samples_leaf": 3,
        "class_weight": "balanced",
        "random_state": 42,
        "n_jobs": 2,
        "verbose": 0
      },
      "training_time": 250.786947,
      "train_size": 279891,
      "test_size": 69973
    }
  },
  "summary_statistics": {
    "call_success": {
      "accuracy_mean": 0.9982326516418237,
      "accuracy_std": 0.0017328108179313793,
      "precision_mean": 0.6935554665230805,
      "precision_std": 0.03384045040479684,
      "recall_mean": 0.8376476567375568,
      "recall_std": 0.05296879539244909,
      "f1_mean": 0.7565594933193901,
      "f1_std": 0.011369127189985501,
      "roc_auc_mean": 0.9993015268159301,
      "roc_auc_std": 0.0006367397275192645
    },
    "ngd_category": {
      "accuracy_mean": 0.8894097247033379,
      "accuracy_std": 0.004432543730858681,
      "precision_macro_mean": 0.855182561757077,
      "precision_macro_std": 0.0036695837647554423,
      "recall_macro_mean": 0.9061599679430316,
      "recall_macro_std": 0.0029851433667637465,
      "f1_macro_mean": 0.8644229708264227,
      "f1_macro_std": 0.004386056792063264
    }
  }
}