{
  "created_at": "2025-10-27T16:47:26.445814",
  "total_models": 9,
  "models": {
    "Tirosint_call_success": {
      "metrics": {
        "accuracy": 0.3139094038183119,
        "precision": 0.022557915136182667,
        "recall": 0.6908368512540353,
        "f1": 0.04368924415409017,
        "roc_auc": 0.49856618282537446
      },
      "best_params": {
        "n_estimators": 100,
        "max_depth": 15,
        "min_samples_split": 5,
        "min_samples_leaf": 2,
        "random_state": 42,
        "class_weight": "balanced",
        "n_jobs": 2,
        "verbose": 0
      },
      "training_time": 58.400217,
      "train_size": 710048,
      "test_size": 177513
    },
    "Tirosint_prescription_lift": {
      "metrics": {
        "mae": 32.51522842921653,
        "rmse": 52.50210352965508,
        "r2": -0.001965873315719513
      },
      "best_params": {
        "n_estimators": 100,
        "max_depth": 10,
        "learning_rate": 0.1,
        "random_state": 42,
        "n_jobs": 2,
        "verbosity": 0
      },
      "training_time": 16.27861,
      "train_size": 710048,
      "test_size": 177513
    },
    "Tirosint_ngd_category": {
      "metrics": {
        "accuracy": 0.22114436689143893,
        "precision_macro": 0.33375463588315224,
        "recall_macro": 0.3328144205388673,
        "f1_macro": 0.1415775273360165
      },
      "best_params": {
        "n_estimators": 100,
        "max_depth": 15,
        "min_samples_split": 5,
        "min_samples_leaf": 2,
        "random_state": 42,
        "class_weight": "balanced",
        "n_jobs": 2,
        "verbose": 0
      },
      "training_time": 53.775362,
      "train_size": 710048,
      "test_size": 177513
    },
    "Flector_call_success": {
      "metrics": {
        "accuracy": 0.8909600986969969,
        "precision": 0.001251433934716863,
        "recall": 0.10619469026548672,
        "f1": 0.0024737167594310453,
        "roc_auc": 0.4941541965527523
      },
      "best_params": {
        "n_estimators": 100,
        "max_depth": 15,
        "min_samples_split": 5,
        "min_samples_leaf": 2,
        "random_state": 42,
        "class_weight": "balanced",
        "n_jobs": 2,
        "verbose": 0
      },
      "training_time": 52.533531,
      "train_size": 710048,
      "test_size": 177513
    },
    "Flector_prescription_lift": {
      "metrics": {
        "mae": 0.0,
        "rmse": 0.0,
        "r2": 1.0
      },
      "best_params": {
        "n_estimators": 100,
        "max_depth": 10,
        "learning_rate": 0.1,
        "random_state": 42,
        "n_jobs": 2,
        "verbosity": 0
      },
      "training_time": 14.029961,
      "train_size": 710048,
      "test_size": 177513
    },
    "Flector_ngd_category": {
      "metrics": {
        "accuracy": 0.29551638471548564,
        "precision_macro": 0.33327585240000235,
        "recall_macro": 0.3398196148977665,
        "f1_macro": 0.15389583193423037
      },
      "best_params": {
        "n_estimators": 100,
        "max_depth": 15,
        "min_samples_split": 5,
        "min_samples_leaf": 2,
        "random_state": 42,
        "class_weight": "balanced",
        "n_jobs": 2,
        "verbose": 0
      },
      "training_time": 51.534709,
      "train_size": 710048,
      "test_size": 177513
    },
    "Licart_call_success": {
      "metrics": {
        "accuracy": 0.8601736210869063,
        "precision": 0.0022363178010896966,
        "recall": 0.1632047477744807,
        "f1": 0.004412177610204164,
        "roc_auc": 0.5110852991456198
      },
      "best_params": {
        "n_estimators": 100,
        "max_depth": 15,
        "min_samples_split": 5,
        "min_samples_leaf": 2,
        "random_state": 42,
        "class_weight": "balanced",
        "n_jobs": 2,
        "verbose": 0
      },
      "training_time": 56.018236,
      "train_size": 710048,
      "test_size": 177513
    },
    "Licart_prescription_lift": {
      "metrics": {
        "mae": 0.0,
        "rmse": 0.0,
        "r2": 1.0
      },
      "best_params": {
        "n_estimators": 100,
        "max_depth": 10,
        "learning_rate": 0.1,
        "random_state": 42,
        "n_jobs": 2,
        "verbosity": 0
      },
      "training_time": 15.352218,
      "train_size": 710048,
      "test_size": 177513
    },
    "Licart_ngd_category": {
      "metrics": {
        "accuracy": 0.6109806042374362,
        "precision_macro": 0.3331316050558925,
        "recall_macro": 0.32145878981312215,
        "f1_macro": 0.2551850500637325
      },
      "best_params": {
        "n_estimators": 100,
        "max_depth": 15,
        "min_samples_split": 5,
        "min_samples_leaf": 2,
        "random_state": 42,
        "class_weight": "balanced",
        "n_jobs": 2,
        "verbose": 0
      },
      "training_time": 50.779178,
      "train_size": 710048,
      "test_size": 177513
    }
  },
  "summary_statistics": {
    "call_success": {
      "accuracy_mean": 0.6883477078674051,
      "accuracy_std": 0.26506600996139307,
      "precision_mean": 0.008681888957329742,
      "precision_std": 0.009820067071893116,
      "recall_mean": 0.3200787630980009,
      "recall_std": 0.26319663956078293,
      "f1_mean": 0.01685837950790846,
      "f1_std": 0.018988784073127447,
      "roc_auc_mean": 0.5012685595079155,
      "roc_auc_std": 0.007171363819772263
    },
    "prescription_lift": {
      "mae_mean": 10.83840947640551,
      "mae_std": 15.327825676085746,
      "rmse_mean": 17.500701176551694,
      "rmse_std": 24.749728954918186,
      "r2_mean": 0.6660113755614269,
      "r2_std": 0.4723312423593643
    },
    "ngd_category": {
      "accuracy_mean": 0.37588045194812025,
      "accuracy_std": 0.1689908487929642,
      "precision_macro_mean": 0.33338736444634903,
      "precision_macro_std": 0.0002662931408420735,
      "recall_macro_mean": 0.331364275083252,
      "recall_macro_std": 0.007565587257622847,
      "f1_macro_mean": 0.18355280311132646,
      "f1_macro_std": 0.050900682769693485
    }
  }
}