{
  "created_at": "2025-10-27T19:19:19.356265",
  "total_models": 9,
  "models": {
    "Tirosint_call_success": {
      "metrics": {
        "accuracy": 0.977375,
        "precision": 0.0,
        "recall": 0.0,
        "f1": 0.0,
        "roc_auc": 0.4940804203388968
      },
      "best_params": {
        "n_estimators": 116,
        "max_depth": 15,
        "min_samples_split": 13,
        "min_samples_leaf": 2
      },
      "training_time": 422.378651,
      "train_size": 160000,
      "test_size": 40000
    },
    "Tirosint_prescription_lift": {
      "metrics": {
        "mae": 32.24965354359693,
        "rmse": 52.07791180243322,
        "r2": -0.0005768195886002303
      },
      "best_params": {
        "n_estimators": 100,
        "max_depth": 5,
        "learning_rate": 0.05939159394836753,
        "subsample": 0.7941038895897922,
        "colsample_bytree": 0.8452347483480089
      },
      "training_time": 207.605836,
      "train_size": 160000,
      "test_size": 40000
    },
    "Tirosint_ngd_category": {
      "metrics": {
        "accuracy": 0.95705,
        "precision_macro": 0.31901666666666667,
        "recall_macro": 0.3333333333333333,
        "f1_macro": 0.3260179010926309
      },
      "best_params": {
        "n_estimators": 157,
        "max_depth": 15,
        "min_samples_split": 10,
        "min_samples_leaf": 2
      },
      "training_time": 455.717798,
      "train_size": 160000,
      "test_size": 40000
    },
    "Flector_call_success": {
      "metrics": {
        "accuracy": 0.99875,
        "precision": 0.0,
        "recall": 0.0,
        "f1": 0.0,
        "roc_auc": 0.46547459324155205
      },
      "best_params": {
        "n_estimators": 108,
        "max_depth": 8,
        "min_samples_split": 14,
        "min_samples_leaf": 8
      },
      "training_time": 328.914446,
      "train_size": 160000,
      "test_size": 40000
    },
    "Flector_prescription_lift": {
      "metrics": {
        "mae": 0.0,
        "rmse": 0.0,
        "r2": 1.0
      },
      "best_params": {
        "n_estimators": 137,
        "max_depth": 10,
        "learning_rate": 0.15979909127171077,
        "subsample": 0.8197316968394073,
        "colsample_bytree": 0.7312037280884873
      },
      "training_time": 173.586755,
      "train_size": 160000,
      "test_size": 40000
    },
    "Flector_ngd_category": {
      "metrics": {
        "accuracy": 0.996975,
        "precision_macro": 0.332325,
        "recall_macro": 0.3333333333333333,
        "f1_macro": 0.3328284029594762
      },
      "best_params": {
        "n_estimators": 154,
        "max_depth": 8,
        "min_samples_split": 15,
        "min_samples_leaf": 4
      },
      "training_time": 389.627266,
      "train_size": 160000,
      "test_size": 40000
    },
    "Licart_call_success": {
      "metrics": {
        "accuracy": 0.99815,
        "precision": 0.0,
        "recall": 0.0,
        "f1": 0.0,
        "roc_auc": 0.5372824861128223
      },
      "best_params": {
        "n_estimators": 179,
        "max_depth": 12,
        "min_samples_split": 6,
        "min_samples_leaf": 2
      },
      "training_time": 419.246185,
      "train_size": 160000,
      "test_size": 40000
    },
    "Licart_prescription_lift": {
      "metrics": {
        "mae": 0.0,
        "rmse": 0.0,
        "r2": 1.0
      },
      "best_params": {
        "n_estimators": 137,
        "max_depth": 10,
        "learning_rate": 0.15979909127171077,
        "subsample": 0.8197316968394073,
        "colsample_bytree": 0.7312037280884873
      },
      "training_time": 179.732742,
      "train_size": 160000,
      "test_size": 40000
    },
    "Licart_ngd_category": {
      "metrics": {
        "accuracy": 0.9963,
        "precision_macro": 0.3321,
        "recall_macro": 0.3333333333333333,
        "f1_macro": 0.3327155237188799
      },
      "best_params": {
        "n_estimators": 158,
        "max_depth": 15,
        "min_samples_split": 15,
        "min_samples_leaf": 4
      },
      "training_time": 409.425603,
      "train_size": 160000,
      "test_size": 40000
    }
  },
  "summary_statistics": {
    "call_success": {
      "accuracy_mean": 0.991425,
      "accuracy_std": 0.009937869489986277,
      "precision_mean": 0.0,
      "precision_std": 0.0,
      "recall_mean": 0.0,
      "recall_std": 0.0,
      "f1_mean": 0.0,
      "f1_std": 0.0,
      "roc_auc_mean": 0.4989458332310904,
      "roc_auc_std": 0.029516634311425108
    },
    "prescription_lift": {
      "mae_mean": 10.74988451453231,
      "mae_std": 15.202632474396106,
      "rmse_mean": 17.359303934144407,
      "rmse_std": 24.549763057023643,
      "r2_mean": 0.6664743934704666,
      "r2_std": 0.47167643615277866
    },
    "ngd_category": {
      "accuracy_mean": 0.9834416666666667,
      "accuracy_std": 0.01866376093455502,
      "precision_macro_mean": 0.3278138888888889,
      "precision_macro_std": 0.00622125364485167,
      "recall_macro_mean": 0.3333333333333333,
      "recall_macro_std": 0.0,
      "f1_macro_mean": 0.33052060925699567,
      "f1_macro_std": 0.0031842289533278684
    }
  }
}